{
  "model": {
    "type": "sklearn CART",
    "criterion": "entropy",
    "max_depth": 6,
    "min_samples_split": 5,
    "min_samples_leaf": 2
  },
  "data": {
    "total": 1000,
    "train": 700,
    "val": 150,
    "test": 150
  },
  "train": {
    "accuracy": 0.9828571428571429,
    "precision_macro": 0.9835705023935746,
    "recall_macro": 0.982905982905983,
    "f1_macro": 0.9828413307835636,
    "confusion_matrix": [
      [
        78,
        0,
        0,
        0,
        0,
        0,
        0,
        0,
        0
      ],
      [
        0,
        76,
        1,
        0,
        0,
        1,
        0,
        0,
        0
      ],
      [
        0,
        1,
        71,
        0,
        0,
        0,
        5,
        0,
        1
      ],
      [
        0,
        0,
        0,
        77,
        0,
        0,
        0,
        0,
        0
      ],
      [
        0,
        0,
        0,
        0,
        78,
        0,
        0,
        0,
        0
      ],
      [
        0,
        0,
        0,
        1,
        0,
        75,
        2,
        0,
        0
      ],
      [
        0,
        0,
        0,
        0,
        0,
        0,
        78,
        0,
        0
      ],
      [
        0,
        0,
        0,
        0,
        0,
        0,
        0,
        77,
        0
      ],
      [
        0,
        0,
        0,
        0,
        0,
        0,
        0,
        0,
        78
      ]
    ],
    "per_class": {
      "A": {
        "precision": 1.0,
        "recall": 1.0,
        "f1": 1.0,
        "support": 78
      },
      "B": {
        "precision": 0.987012987012987,
        "recall": 0.9743589743589743,
        "f1": 0.9806451612903225,
        "support": 78
      },
      "C": {
        "precision": 0.9861111111111112,
        "recall": 0.9102564102564102,
        "f1": 0.9466666666666667,
        "support": 78
      },
      "D": {
        "precision": 0.9871794871794872,
        "recall": 1.0,
        "f1": 0.9935483870967742,
        "support": 77
      },
      "E": {
        "precision": 1.0,
        "recall": 1.0,
        "f1": 1.0,
        "support": 78
      },
      "F": {
        "precision": 0.9868421052631579,
        "recall": 0.9615384615384616,
        "f1": 0.974025974025974,
        "support": 78
      },
      "G": {
        "precision": 0.9176470588235294,
        "recall": 1.0,
        "f1": 0.9570552147239264,
        "support": 78
      },
      "H": {
        "precision": 1.0,
        "recall": 1.0,
        "f1": 1.0,
        "support": 77
      },
      "I": {
        "precision": 0.9873417721518988,
        "recall": 1.0,
        "f1": 0.9936305732484076,
        "support": 78
      }
    }
  },
  "val": {
    "accuracy": 0.96,
    "precision_macro": 0.9625234109238237,
    "recall_macro": 0.959967320261438,
    "f1_macro": 0.9601199223036667,
    "confusion_matrix": [
      [
        17,
        0,
        0,
        0,
        0,
        0,
        0,
        0,
        0
      ],
      [
        0,
        16,
        0,
        0,
        0,
        0,
        0,
        0,
        1
      ],
      [
        0,
        0,
        15,
        0,
        0,
        0,
        2,
        0,
        0
      ],
      [
        0,
        0,
        0,
        17,
        0,
        0,
        0,
        0,
        0
      ],
      [
        0,
        0,
        0,
        0,
        16,
        0,
        0,
        0,
        0
      ],
      [
        0,
        0,
        0,
        0,
        0,
        15,
        0,
        0,
        1
      ],
      [
        0,
        0,
        0,
        0,
        0,
        0,
        17,
        0,
        0
      ],
      [
        0,
        0,
        0,
        1,
        0,
        0,
        0,
        16,
        0
      ],
      [
        0,
        0,
        0,
        0,
        0,
        0,
        0,
        1,
        15
      ]
    ],
    "per_class": {
      "A": {
        "precision": 1.0,
        "recall": 1.0,
        "f1": 1.0,
        "support": 17
      },
      "B": {
        "precision": 1.0,
        "recall": 0.9411764705882353,
        "f1": 0.9696969696969697,
        "support": 17
      },
      "C": {
        "precision": 1.0,
        "recall": 0.8823529411764706,
        "f1": 0.9375,
        "support": 17
      },
      "D": {
        "precision": 0.9444444444444444,
        "recall": 1.0,
        "f1": 0.9714285714285714,
        "support": 17
      },
      "E": {
        "precision": 1.0,
        "recall": 1.0,
        "f1": 1.0,
        "support": 16
      },
      "F": {
        "precision": 1.0,
        "recall": 0.9375,
        "f1": 0.967741935483871,
        "support": 16
      },
      "G": {
        "precision": 0.8947368421052632,
        "recall": 1.0,
        "f1": 0.9444444444444444,
        "support": 17
      },
      "H": {
        "precision": 0.9411764705882353,
        "recall": 0.9411764705882353,
        "f1": 0.9411764705882353,
        "support": 17
      },
      "I": {
        "precision": 0.8823529411764706,
        "recall": 0.9375,
        "f1": 0.9090909090909091,
        "support": 16
      }
    }
  },
  "test": {
    "accuracy": 0.96,
    "precision_macro": 0.962236746550472,
    "recall_macro": 0.9587418300653595,
    "f1_macro": 0.9587912350589836,
    "confusion_matrix": [
      [
        17,
        0,
        0,
        0,
        0,
        0,
        0,
        0,
        0
      ],
      [
        0,
        15,
        0,
        0,
        0,
        0,
        1,
        0,
        0
      ],
      [
        0,
        2,
        13,
        0,
        0,
        0,
        1,
        0,
        0
      ],
      [
        0,
        0,
        0,
        17,
        0,
        0,
        0,
        0,
        0
      ],
      [
        0,
        0,
        0,
        0,
        17,
        0,
        0,
        0,
        0
      ],
      [
        0,
        0,
        0,
        0,
        0,
        16,
        0,
        0,
        1
      ],
      [
        0,
        1,
        0,
        0,
        0,
        0,
        15,
        0,
        0
      ],
      [
        0,
        0,
        0,
        0,
        0,
        0,
        0,
        17,
        0
      ],
      [
        0,
        0,
        0,
        0,
        0,
        0,
        0,
        0,
        17
      ]
    ],
    "per_class": {
      "A": {
        "precision": 1.0,
        "recall": 1.0,
        "f1": 1.0,
        "support": 17
      },
      "B": {
        "precision": 0.8333333333333334,
        "recall": 0.9375,
        "f1": 0.8823529411764706,
        "support": 16
      },
      "C": {
        "precision": 1.0,
        "recall": 0.8125,
        "f1": 0.896551724137931,
        "support": 16
      },
      "D": {
        "precision": 1.0,
        "recall": 1.0,
        "f1": 1.0,
        "support": 17
      },
      "E": {
        "precision": 1.0,
        "recall": 1.0,
        "f1": 1.0,
        "support": 17
      },
      "F": {
        "precision": 1.0,
        "recall": 0.9411764705882353,
        "f1": 0.9696969696969697,
        "support": 17
      },
      "G": {
        "precision": 0.8823529411764706,
        "recall": 0.9375,
        "f1": 0.9090909090909091,
        "support": 16
      },
      "H": {
        "precision": 1.0,
        "recall": 1.0,
        "f1": 1.0,
        "support": 17
      },
      "I": {
        "precision": 0.9444444444444444,
        "recall": 1.0,
        "f1": 0.9714285714285714,
        "support": 17
      }
    }
  },
  "id3_test": {
    "accuracy": 0.8866666666666667,
    "precision_macro": 0.890091335679571,
    "recall_macro": 0.8856209150326797,
    "f1_macro": 0.8858356146642151,